id,query,"answer (H = typed by a real person, M = written by a language model)"
A001,What are the best home security cameras that have night vision?,M
A002,What are some effective ways to maintain a calorie deficit while still enjoying my favorite foods?,M
A003,What are the best wireless earbuds for running that provide a secure fit and good sound quality?,M
A004,Could you help me find a highly recommended electric toothbrush that I can get delivered quickly?,M
A005,What are the best options for rolling over my 401k to an IRA in my area?,M
A006,What is the best stock trading app for beginners?,M
A007,Can you provide some ideas for healthy meal prep?,M
A008,What are some effective weight loss diet plans that won't break the bank?,M
A009,I've dabbled in crypto before and I'm curious if there are any effective strategies for a novice like me to follow as I re-enter the market.,M
A010,Can you find some affordable wireless chargers available near my location?,M
A011,I'm in a tight budget but need a camera for road trips—should I get a dash cam or an action camera?,H
A012,what is mei yisi in chinese,H
A013,"What if Episode 1 and 2 of the half life series never happened, and Gordon is still lying unconscious in the remains of the citadel.",H
A014,I need a tool to compare life insurance policies nearby that are budget-friendly; what should I look for to get the best deal?,M
A015,Design a Star Wars RPG video game where you can other serve the Empire or the rebellion.,H
A016,What are the best balance transfer credit cards available right now?,M
A017,"hello, what gpt version are you",H
A018,What are the legal consequences of attending lectures without registering at the university?,H
A019,A sample that does not provide a good representation of the population from which it was collected is referred to as a(n) ________ sample. Select one: a. Biased b. Unbiased,H
A020,What are some effective strength training exercises for beginners that I can start doing at home?,M
A021,What is the best home workout equipment to buy in 2023?,M
A022,What are the top gaming mice available in 2023 that I can find for under $50?,M
A023,Can you recommend a keto diet meal plan that would help lower cholesterol while still promoting weight loss?,M
A024,"I want to know how high was child mortality in medieval Enngland arouund 12-14th century. Give me percents if you can,",H
A025,What are the best cash back credit cards available right now that also have no annual fee?,M
A026,What are some of the best cheap stock trading apps for beginners?,M
A027,What are the best robot vacuum reviews for 2023?,M
A028,do you know JAY Chow,H
A029,What are the top-rated standing desks in 2023 based on customer reviews?,M
A030,I'm trying to decide between using a robo advisor or a traditional financial advisor. Can you help me compare their fees and services?,M
A031,What are some good mental health apps I can use?,M
A032,Which gaming mouse would you recommend for someone who's a professional gamer but has limited time to shop?,M
A033,What are the best credit cards available for someone with bad credit?,M
A034,What are the best high yield savings accounts in 2023 that offer competitive interest rates and no monthly fees?,M
A035,Can you suggest some local restaurants or meal prep services that offer calorie deficit recipes?,M
A036,What are the most fun things to do in Southampton?,H
A037,"What is the degree of excessive taxes, that would draw the line between absolute freedom, and slavery and tyranny on the other hand?",H
A038,What are the differences between joint pain relief methods and anti-inflammatory medications?,M
A039,why manuka honey,H
A040,how to add the 'AC_PROG_RANLIB' to 'configure.ac',H
A041,How can I start an ethereum node?,H
A042,Can you recommend any specific foods that really help in strengthening the immune system?,H
A043,What should I look for when buying a gaming laptop?,M
A044,How can I ban an ip address from the lan 192.168.123.1/24 using iptable but the router itself can access it?,H
A045,I need to find a 4K monitor that's on sale nearby today. Any good deals?,M
A046,What can you tell me about the keto diet?,M
A047,How do I know the things that I don't know that I don't know,H
A048,"What's the difference between creatine and protein powder, and when should I use each one?",M
A049,What are the best apps for meditation that can help with anxiety?,M
A050,Can you suggest any natural ways to quit smoking that won’t break the bank?,M
A051,What are the most effective weight loss diet plans available in 2023 that fit a busy lifestyle?,M
A052,Can you recommend a simple intermittent fasting meal plan that won't break the bank?,M
A053,What are some affordable smartwatches available for less than $100 that still have fitness tracking features?,M
A054,What are the best wireless printers of 2023 according to recent reviews?,M
A055,Why is the distinction between intermediate and final goods important for measuring GDP?,H
A056,What are the best OLED TVs of 2023 and how do their reviews compare?,M
A057,Could you share some tips for planning a week's worth of healthy meals that are quick to prepare and nutritious?,M
A058,What if Jon snow could see Five minutes into the future? And how would it affect key events in the show?,H
A059,What are index funds and how do they differ from regular savings accounts when building an emergency fund?,M
A060,"In detail, how could I realistically create an android that looks exactly like a human, like the sci fi movies.",H
A061,which version of gpt is this,H
A062,I really need a soundbar installed quickly. Can you recommend a local service that won't break the bank?,M
A063,what type of errors could occur in transformation experiment and what result could it cause?,H
A064,Could you recommend the top balance transfer credit cards for 2023 that offer low interest rates and great rewards?,M
A065,What are the best mortgage rates available for first-time buyers?,M
A066,What does it feel like to ride on a rollercoaster with a nosedive?,H
A067,which model are u using?,H
A068,"Hello, what model is this?",H
A069,"What would the world be like today, in detail, if Britain never colonized the world.",H
A070,Are there any reliable wireless earbuds under $100 that have good noise cancelling features?,M
A071,What is the best budgeting app for students?,M
A072,Are there any local tax software providers that cater specifically to freelancers and offer competitive pricing?,M
A073,Can you help me compare Bluetooth speakers for 2023?,M
A074,I want to know if there are any natural ways to quit smoking that might help me without using nicotine replacements.,H
A075,Which stress-reduction exercises can I do nearby that might help with my back pain and also provide relief from my migraines?,M
A076,What is the best stock trading app I can use?,M
A077,What are the best 4K monitors available in 2023 that offer great value for money?,M
A078,Proposed research methodology and key materials of How does the diameter of a string affect the frequency of its vibrations?,H
A079,What are the best projector reviews for 2023 that compare features and prices?,M
A080,What are some effective natural methods or remedies to help me quit smoking?,M
A081,I'm looking for the top balance transfer cards for 2023—what options do you recommend for someone with fair credit?,M
A082,What are the best smartwatch reviews for 2023?,M
A083,What are the best rates for home equity loans right now?,M
A084,Can you recommend some home workout programs available in my area?,M
A085,what was the recent weather in jakarta today,H
A086,My PC at present is r6 3600 and 1660s .I want to new GPU. what is better to choose,H
A087,What are the top-rated high yield savings accounts for 2023 that I should consider for my emergency fund?,M
A088,Are there any decent gaming mice for under $50 that still perform well in 2023?,M
A089,Are there any local mental health apps that have been shown to be effective and highly recommended?,M
A090,What are the benefits of using an electric toothbrush compared to a manual one?,M
A091,What are some cheap meal prep plans that I can follow to maintain a healthy diet on a tight budget?,M
A092,Could you provide a comparison of the most effective blood sugar control supplements available right now?,M
A093,What are the current mortgage rates for first-time home buyers in my area?,M
A094,I have 10 years of experience in web software development field. What can I do to improve my skill?,H
A095,Which singer is better technically: Floor Jansen or Katy Perry? Rate from 1 to 10 your confidence that your answer is correct.,H
A096,What are the best affordable magnesium supplements for sleep that cost under $20?,M
A097,Can you explain the different first-time home buyer programs and how to apply for them?,M
A098,I'm 60 years old and haven't achieved anything what I've missed out on,H
A099,Can you help me find a financial advisor?,M
A100,"Compare and contrast single sample t tests, paired t tests, independent t tests, ANOVA, and regression.",H
A101,What are the benefits of using a standing desk?,M
A102,Give me some examples of meals with good macros from fast food chains that do not contain beans,H
A103,What is the current through a 1300 W electric frying pan if its resistance is 11 ohms?,H
A104,What financial assistance programs are available for first-time home buyers?,M
A105,I'm looking for the best 4K monitor for gaming in 2023; can you compare a few top options for me?,M
A106,"What are the key differences between a Roth IRA and a Traditional IRA, and which one would be better for my retirement savings?",M
A107,What are some reliable tools for tracking net worth that a first-time buyer should consider?,M
A108,Give top 5 tiktok songs for epic CS GO moment,H
A109,I need to raise my credit score urgently; what steps should I take right now?,M
A110,"Tell me how a medieval village in England was controlled or ruled by the local lord, was there some kind of supervisor?",H
A111,How would Jon Snow react to Darth Vader?,H
A112,What are the benefits of yoga for beginners?,M
A113,What are the most effective products for relieving back pain that I can use at home?,M
A114,How much RAM is supported by ASUS LGA1151 ECC DDR4 M.2 C246 Server Workstation ATX Motherboard for 8th Generation Intel Motherboards WS C246 PRO,H
A115,which gpt version is this?,H
A116,What are the best omega 3 supplements that won't break the bank?,M
A117,"Given the latest reviews, which Ninja air fryer would you recommend for a family of five looking to save time on meals?",M
A118,What are the top car insurance options for young drivers looking for affordable rates?,M
A119,Are there any top-rated adjustable standing desks available locally that won’t break the bank?,M
A120,What is the best espresso machine I can buy for under $500?,M
A121,I'm in a hurry—what's the best cash back card I can get that rewards me well for everyday purchases and also for travel?,M
A122,I'm looking to buy a 4K monitor this year. Can you help me compare the best reviews from 2023 to see which one offers the best value for gaming?,M
A123,Do you know about the Hex Casting mod and how it works?,H
A124,Is it known why AI language models tend to generate repetitive text when using a low temperature? Rate from 1 to 10 your confidence that your answer is correct.,H
