id,query A,query B,answer (A or B: which was typed by a real person?)
B001,What is the significance of asset allocation?,Can you recommend some passive income ideas that are beginner-friendly and don't require a lot of upfront costs?,B
B002,What is the best yoga for beginners in 2023?,What are some easy healthy meal prep ideas for someone just starting out?,A
B003,Are there any recent reviews for Ninja air fryers that highlight their performance and value for money?,Can you recommend any stores near me where I can buy a dash cam?,B
B004,What should I look for in a budget smartphone?,What are the best budget gaming mouse options available in 2023?,A
B005,"Could you provide a detailed comparison of life insurance plans for 2023, highlighting key features and benefits that stand out?",What are some beginner-friendly index funds I should consider investing in?,B
B006,What are some tips for sleeping better at night?,Can you suggest a few healthy meal prep recipes for beginners that are also great for skin health?,A
B007,"How do seasonal allergies compare to food allergies in terms of symptoms and treatment options, considering cost?",What are the top-rated intermittent fasting apps that can help me track my progress and stay motivated?,B
B008,What is the best 4k monitor?,What's the best streaming device for 2023 if I also want to use it to watch outdoor movies with a mini projector?,A
B009,What are the latest Ninja air fryer models in 2023 and how do they compare to other brands on the market?,What are the best standing desks for small spaces that are easy to set up and fit in tight corners?,B
B010,What are some affordable collagen capsule options that actually work?,Are there any beginner-friendly meal prep plans that don’t require a lot of cooking skills or time?,A
B011,How much water should I drink daily?,How can I lower my resting heart rate through better sleep habits and lifestyle changes?,A
B012,What can you tell me about the keto diet?,What are some affordable foods I can buy that help with blood sugar control?,B
B013,What is the best medication for seasonal allergies?,"With my hectic work life, what are the best ways to quit smoking without using vapes or other products?",A
B014,Can you help me find a money market account near my location?,What are some simple passive income ideas that I can implement on the side while balancing my day job?,B
B015,Can you suggest the best debt consolidation loans available in 2023 that won't break the bank?,What are some effective ways to consolidate debt?,B
B016,What are some budget-friendly first time home buyer programs that I can explore in my area?,What is the best financial advisor fees 2023?,A
B017,Can you help me find a highly-rated ergonomic office chair that goes well with a standing desk?,How can I improve the battery life of my gadgets?,A
B018,What should I look for in a current mortgage rates vs historical rates?,What are the top cash back credit cards for 2023 that also have no annual fee?,B
B019,I have a really busy week ahead and need some quick healthy meal prep ideas that won't take too much time.,What is the best migraine relief over the counter?,B
B020,intermittent fasting vs keto: which one is right for me?,I need to boost my immune system fast—are there any effective supplements or quick meals I should consider?,A
B021,"What is a budget deficit, and how can I manage it?","What are the best life insurance policies available in 2023, and how do they compare to each other?",A
B022,Where can I find a gaming laptop near me?,"Which gaming mice are getting the best reviews in 2023, and do you know of any that are currently on sale?",A
B023,How can I boost my immune system naturally?,Can you help me figure out which omega 3 supplement provides the most benefits and is worth buying?,B
B024,What's the best smartwatch for tracking fitness that I can get quickly?,What are the key differences between the Razer DeathAdder and Razer Viper gaming mice?,B
B025,Can you recommend any good apps or tools for tracking my net worth effectively without spending much?,What are the top-rated cryptocurrency investing apps for beginners in 2023?,A
B026,What natural energy boost drinks do you suggest that are under $20 and available at local stores?,What is the best home workout equipment to buy in 2023?,B
B027,"I'd love to know what side hustle income options are currently trending in 2023, especially ones that don't require specialized skills.","Which is better for filing taxes, TurboTax or TaxAct?",B
B028,Can you provide reviews or perhaps a comparison chart of the best fitness trackers available right now?,What is the best action camera comparison 2023?,A
B029,What are some reviews for gaming monitors?,Are there any solid reviews on power banks for 2023 that specifically cater to professionals on the go?,A
B030,What’s the best cash back card for someone who travels often but doesn't want to pay an annual fee?,What are the most effective budgeting apps for college students on a tight budget?,A
B031,Can you help me compare power banks under $20 that still have good reviews and performance?,What are the best home security cameras that have night vision?,A
B032,What are the key differences between strength training and cardio when it comes to losing weight effectively?,How does a sedentary lifestyle affect health?,A
B033,"I'm looking for the top rated high yield savings accounts for 2023, but I need to know which ones offer easy access to funds.",How does inflation impact my savings?,A
B034,What is intermittent fasting and its potential benefits?,I want to support my gut health without spending too much; which affordable supplements would you suggest?,B
B035,What should I look for when choosing a power bank?,I need to find a reliable fitness tracker near me that won't break the bank but still tracks my workouts accurately.,A
B036,What are some effective strategies for investing in cryptocurrency as a beginner while also considering dividend stocks?,What are the current mortgage rates for first-time buyers?,B
B037,What are the best stock trading apps that also offer budgeting features to help me stay on track financially?,What financial assistance programs are available for first-time home buyers?,B
B038,"Are there any reliable retirement calculators that can also help me track my net worth, or should I use separate tools for each?",What are the different types of investments?,A
B039,I'm looking for affordable meal prep services near me that focus on healthy options; can you recommend any?,meditation for anxiety near me: which one is right for me?,A
B040,What is the importance of a morning routine?,Are there any inexpensive supplements or remedies that effectively support immune health that I can find near me?,A
B041,What should I look for in a invest 1000 dollars?,Can you recommend some side hustles that don't require a large upfront investment but still bring in decent income?,B
B042,What are the health benefits of omega-3 fatty acids?,"I'm considering downloading a mental health app, but I want to know how the best ones this year stack up against each other.",B
B043,What are the best ways to set up a home office with technology?,Can you help me locate a reasonably priced gaming laptop close to my location right now?,A
B044,How do I choose the best router for my home?,I'm looking for a budget-friendly streaming device comparison; which one offers the best value for outdoor movie nights?,A
B045,What are the top-rated electric toothbrushes available this year and what makes them stand out?,Can you help me compare Bluetooth speakers for 2023?,B
B046,"I'm thinking about getting wireless earbuds, but I'm not sure if I should choose Bose or Sony. Which one is better?",Is gaming monitor under 300 worth it?,A
B047,What is the best cheap index funds?,What are the best tax software options for freelancers in 2023?,B
B048,Could you list some of the highest paying high yield savings accounts and explain how they differ from traditional accounts?,What is the best stock trading app I can use?,B
B049,Can you give me a quick breakdown of the Razer gaming mouse options available in 2023?,What are the key differences between the latest action cameras released in 2023?,A
B050,What are some beginner-friendly yoga poses I can start practicing in 2023?,I'm looking for budget-friendly collagen supplements; what are the top options available in 2023?,B
B051,"As a busy professional, I need to know if it's more beneficial for me to open a Roth IRA or a no-fee brokerage account for my savings.",turbo tax vs taxact: which one is right for me?,B
B052,What is the best affordable skincare routine products?,Can you explain how meditation can be used to manage anxiety compared to medication?,B
B053,What are the emerging technologies in consumer electronics?,I need to buy a reliable portable SSD and USB-C hub today; what are the best options available for under $100?,B
B054,What are the top-rated cash back credit cards for 2023 that also offer travel rewards?,What are some effective cryptocurrency investing strategies that beginners should consider?,A
B055,What should I look for when buying a gaming laptop?,I need a robot vacuum and would love to know where I can find one locally that won’t break the bank.,A
B056,How can I optimize the performance of my PC?,Are there affordable wireless printers under $100 that work well with gaming wifi routers?,A
B057,How much does wireless charger reviews 2023 cost?,"What are the best rated espresso machines for home use, specifically under 500, that I can buy online today?",B
B058,What should I consider when planning for estate planning?,"I've been looking at some of the best Roth IRA accounts for 2023, but how do they stack up against traditional brokerage accounts in terms of flexibility and fees?",B
B059,What are the benefits and potential side effects of taking creatine as a supplement?,I'm desperate to quit smoking and need recommendations for products or strategies that actually work.,B
B060,What are the top-rated omega-3 supplements that won't break the bank?,What is the best best collagen supplements 2023?,B
